id,attr_time,attr_lat,attr_lng
1,1438346167137,49.4473385,8.8963608
2,1438346178643,49.4473455,8.8963102
3,1438346198133,49.4473527,8.8962594
4,1438346233697,49.4473557,8.8962669
5,1438346255377,49.4473448,8.8963103