id,attr_time,attr_lat,attr_lng
1,1438346173927,49.4473602,8.8963027
2,1438346194214,49.4473585,8.8963066
3,1438346196000,49.44743264,8.89620758
4,1438346214210,49.4473596,8.8962974
5,1438346234313,49.4473582,8.8963055
6,1438346254411,49.4473595,8.8963105