id,attr_time,attr_lat,attr_lng
1,1438346166706,49.4473509,8.8963186
2,1438346186666,49.4473608,8.8963062
3,1438346206805,49.4473608,8.8962913
4,1438346227360,49.4473602,8.8963003
5,1438346247419,49.4473602,8.8962987