id,attr_time,attr_lat,attr_lng
1,1438346168000,49.44747148,8.89641057
2,1438346179000,49.44747294,8.89640938
3,1438346189000,49.44747215,8.89640811
4,1438346199000,49.44747211,8.89641365
5,1438346210000,49.44747212,8.89641471
6,1438346220000,49.44750716,8.89642083
7,1438346230000,49.44754228,8.89643848
8,1438346239000,49.44749986,8.89645772
9,1438346250000,49.44750863,8.89646545
10,1438346250234,49.4473135,8.8963338
11,1438346261000,49.44752078,8.89646443