id,attr_time,attr_lat,attr_lng
1,1438346164000,49.44732276,8.89659477
2,1438346182000,49.44732303,8.89659507
3,1438346199000,49.447324,8.89659314
4,1438346204000,49.4473254,8.89659457
5,1438346219604,49.4473608,8.8963033
6,1438346230000,49.44732346,8.89658838
7,1438346240213,49.4473589,8.8962928
8,1438346251000,49.44733734,8.89658978
9,1438346260256,49.4473588,8.896301