id,attr_time,attr_lat,attr_lng
1,1438346164000,49.44739435,8.89641355
2,1438346171958,49.4473498,8.8963019
3,1438346185000,49.4473949,8.89642315
4,1438346200000,49.44739597,8.89643669
5,1438346205000,49.44739568,8.89643388
6,1438346219000,49.44739603,8.89643261
7,1438346232700,49.4473454,8.8963101
8,1438346249000,49.44739567,8.89642933
9,1438346253146,49.4473491,8.8963132