id,attr_time,attr_lat,attr_lng
1,1436984557000,49.45046895,8.89764484
2,1436984584000,49.45046775,8.89764844
3,1436984606000,49.45046859,8.89765024
4,1436984619000,49.45047011,8.8976512
5,1436984644000,49.45047025,8.8976505