id,attr_time,attr_lat,attr_lng
1,1436984552000,49.45036284,8.89750737
2,1436984565000,49.4503628,8.89750765
3,1436984571000,49.45036265,8.89750761
4,1436984583000,49.45036268,8.89750761
5,1436984594000,49.4503627,8.89750764
6,1436984605000,49.45036269,8.89750767
7,1436984612000,49.45036266,8.89750766
8,1436984632000,49.45036286,8.89750814
9,1436984645000,49.45036313,8.8975078