id,attr_time,attr_lat,attr_lng
1,1436984551000,49.45044994,8.89767726
2,1436984561000,49.45045086,8.89767731
3,1436984574000,49.45045007,8.89767629
4,1436984584000,49.45044995,8.89767626
5,1436984594000,49.45045113,8.89767797
6,1436984604000,49.45045637,8.89768886
7,1436984613000,49.4504571,8.89768821
8,1436984624000,49.45045751,8.89768688
9,1436984634000,49.450458,8.89768809
10,1436984645000,49.45045862,8.89768628