id,attr_time,attr_lat,attr_lng
1,1436984546000,49.45030884,8.89741802
2,1436984556000,49.4503084,8.8974155
3,1436984569000,49.45030901,8.8974184
4,1436984577000,49.45030798,8.89742075
5,1436984587000,49.45031049,8.89742306
6,1436984598000,49.45031128,8.89742337
7,1436984607000,49.45031112,8.8974233
8,1436984626000,49.45030912,8.89741944
9,1436984631448,49.4439085,8.9007489
10,1436984639000,49.45030976,8.89741931
11,1436984649000,49.4503095,8.8974192