id,attr_time,attr_lat,attr_lng
1,1436984548000,49.45041921,8.89776411
2,1436984559000,49.45041921,8.89776407
3,1436984569000,49.45042003,8.89776415
4,1436984579000,49.45042053,8.89776433
5,1436984590000,49.45042059,8.89776435
6,1436984599000,49.45042146,8.89776551
7,1436984609000,49.45042174,8.89776554
8,1436984619000,49.45042191,8.89776534
9,1436984631000,49.4504217,8.89776543
10,1436984640000,49.45042177,8.89776549
11,1436984651000,49.45042206,8.89776554