id,attr_time,attr_lat,attr_lng
1,1436984550000,49.45041852,8.89754627
2,1436984561000,49.45041635,8.89754707
3,1436984571000,49.45041199,8.8975445
4,1436984582000,49.45041171,8.89754401
5,1436984593000,49.4504148,8.89755154
6,1436984603000,49.45041559,8.89755114
7,1436984613000,49.45041292,8.89755737
8,1436984623000,49.45041193,8.89755756
9,1436984633000,49.45040955,8.89755875
10,1436984645000,49.45040874,8.8975599