id,attr_time,attr_lat,attr_lng
1,1438259526014,49.4873759,8.4583969
2,1438259546198,49.4874777,8.4583027
3,1438259566400,49.4873518,8.458431
4,1438259586551,49.4874361,8.4583213
5,1438259606703,49.4874359,8.4583168