id,attr_time,attr_lat,attr_lng
1,1438259513013,49.4874725,8.4583633
2,1438259533727,49.4873318,8.4584823
3,1438259553791,49.4873067,8.4585245
4,1438259573837,49.4873367,8.4584513
5,1438259594447,49.4872971,8.4585244