id,attr_time,attr_lat,attr_lng
1,1438259521341,49.4872967,8.4585443
2,1438259541935,49.4873952,8.458397
3,1438259562071,49.487336,8.4584334
4,1438259582308,49.4873571,8.4585158
5,1438259602788,49.4873617,8.4584268