id,attr_time,attr_lat,attr_lng
1,1438259541737,49.4832263,8.4635884
2,1438259564798,49.4874345,8.4582462
3,1438259576327,49.4874345,8.4582462
4,1438259596043,49.4833939,8.4633736