id,attr_time,attr_lat,attr_lng
1,1438259521276,49.487304,8.4585324
2,1438259542040,49.4874028,8.4584483
3,1438259562028,49.4873569,8.4583867
4,1438259582246,49.4873275,8.4584109
5,1438259602708,49.4873203,8.4585251