id,attr_time,attr_lat,attr_lng
1,1438259527574,49.4873236,8.4584105
2,1438259547876,49.4873367,8.4584112
3,1438259567779,49.487481,8.4582934
4,1438259588152,49.487394,8.458394
5,1438259608335,49.4874161,8.4583907