id,attr_time,attr_lat,attr_lng
1,1436546020000,49.47796885,8.46321752
2,1436546030000,49.47796938,8.46322352
3,1436546040000,49.47796192,8.46322967
4,1436546051000,49.47795276,8.46323045
5,1436546061000,49.47793843,8.46323506
6,1436546071000,49.47793501,8.46323837
7,1436546081000,49.47792859,8.46324141
8,1436546091000,49.47791895,8.46324928
9,1436546102000,49.47791176,8.46324974