id,attr_time,attr_lat,attr_lng
1,1436546021000,49.4779792,8.46324099
2,1436546040000,49.477974,8.46324371
3,1436546044000,49.47797256,8.46324343
4,1436546054000,49.47797241,8.4632658
5,1436546065000,49.47796961,8.46326866
6,1436546075000,49.47796427,8.46327429
7,1436546085000,49.47796564,8.46328146
8,1436546095554,49.47800424,8.46350292
9,1436546105000,49.47796242,8.46328868