id,attr_time,attr_lat,attr_lng
1,1436546015000,49.47802952,8.46325865
2,1436546026000,49.4780284,8.46325901
3,1436546035000,49.47802623,8.46326096
4,1436546047000,49.47802599,8.46326103
5,1436546055000,49.47802596,8.46326106
6,1436546068000,49.47802466,8.46326135
7,1436546075000,49.47802421,8.46326128
8,1436546088000,49.4780235,8.46326114
9,1436546106000,49.47802171,8.46326223