id,attr_time,attr_lat,attr_lng
1,1436546018000,49.47795346,8.46327679
2,1436546029000,49.47794809,8.463276
3,1436546039000,49.47794277,8.46327682
4,1436546049000,49.47794123,8.46327593
5,1436546060000,49.4779392,8.46327714
6,1436546070000,49.47793921,8.46328072
7,1436546089000,49.47793794,8.46328309
8,1436546100000,49.47793694,8.46328304