id,attr_time,attr_lat,attr_lng
1,1436546013000,49.47793577,8.46330993
2,1436546023000,49.47793594,8.46331001
3,1436546034000,49.47793674,8.46331111
4,1436546044000,49.47794015,8.463316
5,1436546054000,49.47803764,8.46326967
6,1436546064000,49.477969,8.46330491
7,1436546074000,49.47792224,8.46323004
8,1436546084000,49.47792695,8.46328712
9,1436546096000,49.47791783,8.46329517
10,1436546105000,49.4779097,8.4633104