id,attr_time,attr_lat,attr_lng
1,1436546017000,49.47798125,8.46323132
2,1436546028000,49.47798161,8.46323222
3,1436546038000,49.47798187,8.4632338
4,1436546047000,49.47798182,8.46323718
5,1436546057000,49.47798191,8.46323799
6,1436546068000,49.47798191,8.46323956
7,1436546079000,49.47798148,8.46324135
8,1436546088000,49.47798226,8.46324235
9,1436546098000,49.47798174,8.46324261
10,1436546109000,49.47798278,8.463243