id,attr_time,attr_lat,attr_lng
1,1438190005691,49.4473463,8.8963017
2,1438190005692,49.4473463,8.8963017
3,1438190025750,49.4473509,8.8963009
4,1438190025751,49.4473509,8.8963009
5,1438190045766,49.4473454,8.8963112
6,1438190045767,49.4473454,8.8963112
7,1438190065803,49.4473463,8.8963017
8,1438190065804,49.4473463,8.8963017