id,attr_time,attr_lat,attr_lng
1,1438189993410,49.4473459,8.8963108
2,1438190013011,49.4473452,8.8963105
3,1438190033262,49.4473464,8.896293
4,1438190053631,49.447346,8.8962964
5,1438190073632,49.4473452,8.8963107