id,attr_time,attr_lat,attr_lng
1,1438190003000,49.44799987,8.89790812
2,1438190018880,49.4473767,8.8962688
3,1438190038828,49.4473711,8.8962894
4,1438190049000,49.44799198,8.89788619
5,1438190059620,49.4473764,8.8962496