id,attr_time,attr_lat,attr_lng
1,1438190002699,49.4473509,8.8963042
2,1438190022779,49.4473521,8.8963052
3,1438190042962,49.4473515,8.8963139
4,1438190063186,49.4473517,8.896314