id,attr_time,attr_lat,attr_lng
1,1438189991411,49.4473455,8.8963103
2,1438190011110,49.447347,8.8963133
3,1438190031699,49.4473455,8.8963109
4,1438190052274,49.4473502,8.8963139
5,1438190072451,49.4473505,8.89631