id,attr_time,attr_lat,attr_lng
1,1436376969000,49.44996438,8.89820315
2,1436376978000,49.44996664,8.89819177
3,1436376989000,49.44997243,8.89818199
4,1436376999000,49.44997657,8.89816436
5,1436377011000,49.44997528,8.89815303
6,1436377029000,49.44997995,8.89813212
7,1436377041000,49.44998563,8.89813091
8,1436377050000,49.44998756,8.89813372