id,attr_time,attr_lat,attr_lng
1,1436376964000,49.45002009,8.89796813
2,1436376974215,49.45002423,8.89799682
3,1436376994000,49.45002194,8.89796505
4,1436377006000,49.45002771,8.89795713
5,1436377016000,49.45002603,8.89795387
6,1436377026000,49.45002776,8.89794411
7,1436377037000,49.450034,8.89793456
8,1436377046000,49.4500367,8.89793492