id,attr_time,attr_lat,attr_lng
1,1436376964000,49.44995724,8.8979647
2,1436376973000,49.44995636,8.89796378
3,1436376983000,49.44995598,8.89796445
4,1436376993831,49.4499104,8.89818749
5,1436377004000,49.44995558,8.8979653
6,1436377014000,49.44995505,8.89796498
7,1436377025000,49.44995442,8.89796512
8,1436377035000,49.44995399,8.89796587
9,1436377045000,49.44992139,8.89795897
10,1436377055000,49.44982293,8.89785762