id,attr_time,attr_lat,attr_lng
1,1436376962000,49.45001985,8.89788912
2,1436376982000,49.45002077,8.89789096
3,1436376993000,49.45002084,8.89789163
4,1436377004000,49.45002163,8.89789217
5,1436377014000,49.45002173,8.89789338
6,1436377025000,49.45002199,8.89789354
7,1436377036000,49.45002249,8.89789326
8,1436377046000,49.45002392,8.89789156