id,attr_time,attr_lat,attr_lng
1,1436376967000,49.45001767,8.89811138
2,1436376978000,49.45001895,8.89811439
3,1436376988000,49.45001956,8.89811676
4,1436376998000,49.45002002,8.89811778
5,1436377008000,49.45002016,8.89811786
6,1436377019000,49.45002066,8.89811882
7,1436377030000,49.45002144,8.8981206
8,1436377038000,49.45002159,8.89812104
9,1436377053000,49.45002172,8.89812031