id,attr_time,attr_lat,attr_lng
1,1436376966000,49.45003088,8.89795452
2,1436376975660,49.44991009,8.89802796
3,1436376986660,49.44997027,8.89818085
4,1436376998000,49.45003215,8.89795318
5,1436377006000,49.45002822,8.89795034
6,1436377018000,49.45003137,8.89795369
7,1436377027000,49.45003331,8.89795488
8,1436377039000,49.45003623,8.89795765
9,1436377047000,49.45003565,8.89795742