id,attr_time,attr_lat,attr_lng
1,1438343274000,49.44905134,8.89908801
2,1438343525000,49.44905564,8.89907843