id,attr_time,attr_lat,attr_lng
1,1436970296000,49.44724732,8.8965898
2,1436970307000,49.44722449,8.89658624
3,1436970317000,49.44723852,8.89657629
4,1436970328000,49.44724882,8.89658314
5,1436970338000,49.44722507,8.89659396
6,1436970348000,49.44720772,8.89661968
7,1436970358000,49.44718388,8.8966193
8,1436970366537,49.4473466,8.8963113
9,1436970378000,49.44718868,8.89658537
10,1436970389000,49.4471948,8.89659348