id,attr_time,attr_lat,attr_lng
1,1436970296000,49.44746948,8.89653648
2,1436970308000,49.44746912,8.89653709
3,1436970317000,49.44746871,8.8965375
4,1436970328000,49.44746684,8.89653974
5,1436970337004,49.4473475,8.8963248
6,1436970348000,49.44746105,8.89654379
7,1436970358257,49.4473372,8.8963131
8,1436970359000,49.44745885,8.89654505
9,1436970369000,49.44745721,8.89654635
10,1436970379000,49.44745609,8.89654738