id,attr_time,attr_lat,attr_lng
1,1436970294481,49.4473463,8.8963154
2,1436970301000,49.44754224,8.89641576
3,1436970319000,49.44754223,8.89641573
4,1436970338000,49.44753931,8.8964155
5,1436970342000,49.4475393,8.89641551
6,1436970355195,49.4473389,8.8963163
7,1436970367000,49.44753833,8.89642408
8,1436970378000,49.44753828,8.89642392
9,1436970383000,49.44753827,8.89642392