id,attr_time,attr_lat,attr_lng
1,1436970291000,49.44742028,8.89656413
2,1436970301000,49.44742052,8.89656559
3,1436970312000,49.44742084,8.89656731
4,1436970317939,49.4473468,8.8963043
5,1436970323000,49.44742106,8.89656841
6,1436970334000,49.44742212,8.89656905
7,1436970344000,49.44742355,8.89657058
8,1436970354000,49.44742498,8.89657088
9,1436970370000,49.44742613,8.89657186
10,1436970374000,49.44742662,8.89657258
11,1436970385000,49.44742714,8.89657231