id,attr_time,attr_lat,attr_lng
1,1436970296000,49.44730521,8.89655821
2,1436970305000,49.44730758,8.89656404
3,1436970317000,49.44732336,8.89658594
4,1436970326000,49.44733411,8.89660596
5,1436970336000,49.44733747,8.89661461
6,1436970347000,49.44734405,8.89662044
7,1436970357000,49.44734448,8.89662331
8,1436970367000,49.44734111,8.89662453
9,1436970378000,49.44734923,8.89663264
10,1436970388000,49.44735019,8.89663613