id,attr_time,attr_lat,attr_lng
1,1436970293209,49.4473444,8.8963094
2,1436970301000,49.44740886,8.89654322
3,1436970313000,49.44757167,8.89640407
4,1436970323000,49.44754756,8.89646375
5,1436970333000,49.44754224,8.89647965
6,1436970333346,49.4473485,8.8963121
7,1436970355000,49.44758531,8.8964952
8,1436970364000,49.44759003,8.89651428
9,1436970374000,49.44750673,8.8965405
10,1436970385000,49.44747164,8.89654486