id,attr_time,attr_lat,attr_lng
1,1437147227000,49.48087733,8.47009745
2,1437147235000,49.48088969,8.47008963
3,1437147245000,49.48089829,8.47008805
4,1437147258000,49.48090816,8.47007378
5,1437147266000,49.48091447,8.47006357
6,1437147276000,49.4809228,8.47004528
7,1437147286000,49.48092224,8.47005171
8,1437147295000,49.48092134,8.47006062
9,1437147306000,49.48092267,8.47006767
10,1437147317000,49.48093864,8.47006088