id,attr_time,attr_lat,attr_lng
1,1437147233000,49.48091823,8.4701826
2,1437147243000,49.48091828,8.47018285
3,1437147253000,49.48091841,8.47018344
4,1437147264000,49.48091875,8.47018691
5,1437147273000,49.48091864,8.47018724
6,1437147283000,49.48091854,8.47018743
7,1437147294000,49.48091839,8.47018766
8,1437147303000,49.48091825,8.47018734
9,1437147314000,49.48091781,8.47018638