id,attr_time,attr_lat,attr_lng
1,1437147228000,49.48078444,8.47041713
2,1437147238000,49.48077958,8.47042565
3,1437147248000,49.48077849,8.47041133
4,1437147259000,49.48077855,8.47039908
5,1437147270000,49.48078726,8.47038566
6,1437147280000,49.48078632,8.47038985
7,1437147290000,49.48079216,8.47038016
8,1437147300000,49.48079769,8.47037619
9,1437147311000,49.48079166,8.47038052