id,attr_time,attr_lat,attr_lng
1,1437147223000,49.4808224,8.47020553
2,1437147233000,49.48080218,8.47026305
3,1437147243000,49.48078408,8.47029889
4,1437147253000,49.48078746,8.47029014
5,1437147273000,49.48077565,8.47033506
6,1437147283000,49.48077229,8.47034324
7,1437147292741,49.481095,8.4703451
8,1437147294000,49.48076271,8.47029059
9,1437147304000,49.48068158,8.4705244
10,1437147314000,49.48067823,8.47058584