id,attr_time,attr_lat,attr_lng
1,1437147225000,49.48092465,8.47028604
2,1437147234000,49.48092441,8.47028595
3,1437147245000,49.48092347,8.47028719
4,1437147254000,49.48092225,8.47028787
5,1437147264000,49.48092194,8.47028839
6,1437147275000,49.48092149,8.47028859
7,1437147285000,49.48092012,8.47028914
8,1437147296000,49.48089979,8.47029578
9,1437147306000,49.48086428,8.47011636
10,1437147316000,49.48085815,8.47015237