id,attr_time,attr_lat,attr_lng
1,1437147224000,49.48102268,8.47021932
2,1437147232000,49.48102258,8.47021934
3,1437147248000,49.48102215,8.47021955
4,1437147257000,49.48102201,8.47021965
5,1437147274000,49.48102191,8.47021972
6,1437147279000,49.48102188,8.47021974
7,1437147302000,49.48101733,8.47022325
8,1437147315000,49.48101724,8.47022339