id,attr_time,attr_lat,attr_lng
1,1437146257000,49.48105485,8.47034391