id,attr_time,attr_lat,attr_lng
1,1436466721000,49.45024791,8.89793281
2,1436466733000,49.45024476,8.89793495
3,1436466742000,49.45024428,8.89793627
4,1436466761000,49.45024141,8.89793798
5,1436466773000,49.45023885,8.89793919
6,1436466783000,49.45023465,8.89794108
7,1436466794000,49.45023073,8.89794185
8,1436466804000,49.45022612,8.89794119