id,attr_time,attr_lat,attr_lng
1,1436466719000,49.4501968,8.89792068
2,1436466730000,49.45019017,8.89793241
3,1436466741000,49.45018499,8.89794288
4,1436466751000,49.45018361,8.89794878
5,1436466762000,49.45019053,8.89809216
6,1436466773000,49.45016379,8.89813235
7,1436466783000,49.45014118,8.89811772
8,1436466794000,49.45011758,8.89809732
9,1436466803000,49.45009581,8.89808061