id,attr_time,attr_lat,attr_lng
1,1436466717000,49.45012427,8.89798211
2,1436466728000,49.45012178,8.8979862
3,1436466738000,49.45011805,8.89798897
4,1436466748000,49.45012611,8.897981
5,1436466758000,49.45013149,8.89798784
6,1436466769000,49.45012766,8.8979854
7,1436466779000,49.45012665,8.89799168
8,1436466789000,49.45012278,8.89799209
9,1436466799000,49.45012168,8.89799187
10,1436466810000,49.45011731,8.89799689