id,attr_time,attr_lat,attr_lng
1,1436466727000,49.45032758,8.89823033
2,1436466731000,49.4503338,8.89824818
3,1436466743000,49.45038383,8.89829755
4,1436466753000,49.45045613,8.89829644
5,1436466765000,49.45009117,8.89815403
6,1436466773000,49.45006611,8.8980763
7,1436466785000,49.45004727,8.89802109
8,1436466797000,49.45004349,8.89805947
9,1436466804000,49.45006074,8.89800199