id,attr_time,attr_lat,attr_lng
1,1436466717000,49.45049034,8.89778806
2,1436466727000,49.45049319,8.89780211
3,1436466741000,49.45049515,8.89781445
4,1436466747000,49.45049483,8.89781484
5,1436466762000,49.45049749,8.89782269
6,1436466767000,49.45049914,8.89782724
7,1436466791000,49.45050087,8.89783626
8,1436466801000,49.4504997,8.89784097