id,attr_time,attr_lat,attr_lng
1,1436294060000,49.47998232,8.48468331