id,attr_time,attr_lat,attr_lng
1,1436295115000,49.4799641,8.48484022
2,1436295146000,49.47927035,8.48449685
3,1436295165000,49.47945977,8.48478806