id,attr_time,attr_lat,attr_lng
1,1436896036000,49.45000139,8.89787821
2,1436896047000,49.45000164,8.89787839
3,1436896059000,49.45000181,8.89787845
4,1436896068000,49.45000177,8.89787852
5,1436896072564,49.4444881,8.9006549
6,1436896089000,49.45000188,8.89787916
7,1436896093149,49.4444881,8.9006549
8,1436896108000,49.45000176,8.8978794
9,1436896112877,49.4444881,8.9006549