id,attr_time,attr_lat,attr_lng
1,1436896028000,49.44994729,8.89803914
2,1436896047000,49.44994836,8.89804196
3,1436896067000,49.4499489,8.89804273
4,1436896082000,49.44995043,8.89804514
5,1436896089000,49.44995099,8.89804599
6,1436896103000,49.44995087,8.89805081
7,1436896110000,49.44995219,8.89804986
8,1436896120000,49.44995005,8.8980608