id,attr_time,attr_lat,attr_lng
1,1436896022000,49.45020157,8.89759932
2,1436896031000,49.45017611,8.89765944
3,1436896042000,49.45016895,8.89766942
4,1436896052000,49.45016887,8.89766744
5,1436896064000,49.45016524,8.89763192
6,1436896073000,49.4501779,8.89758971
7,1436896086000,49.45017744,8.89754732
8,1436896094000,49.4501752,8.89755509
9,1436896107000,49.45016082,8.89760603
10,1436896115000,49.45015174,8.89762005