id,attr_time,attr_lat,attr_lng
1,1436896029000,49.45016089,8.89797875
2,1436896040000,49.45015917,8.89797973
3,1436896050000,49.45015738,8.89798102
4,1436896061000,49.45015733,8.89798102
5,1436896071000,49.45015598,8.89798212
6,1436896081000,49.45009006,8.89799805
7,1436896092000,49.45008835,8.8980352
8,1436896102000,49.45007231,8.89802011
9,1436896114000,49.45008791,8.89801097