id,attr_time,attr_lat,attr_lng
1,1436896023000,49.45011131,8.89801304
2,1436896034000,49.45011219,8.89801411
3,1436896042000,49.45011188,8.89801397
4,1436896055000,49.45011213,8.89801363
5,1436896074000,49.45011487,8.8980115
6,1436896089000,49.45006975,8.89794758
7,1436896096000,49.45007478,8.8980137
8,1436896107000,49.4501058,8.89808532
9,1436896118000,49.45013637,8.89814575