id,attr_time,attr_lat,attr_lng
1,1436896031000,49.45009915,8.89812528
2,1436896041000,49.45009941,8.89812526
3,1436896053000,49.4501008,8.898125
4,1436896062000,49.45010002,8.89812496
5,1436896073000,49.45010007,8.8981261
6,1436896082000,49.45010115,8.89812819
7,1436896095000,49.45010447,8.89812614
8,1436896104000,49.45010618,8.89812435
9,1436896115000,49.45010698,8.89812318