id,attr_time,attr_lat,attr_lng
1,1437233616000,49.45034778,8.89774239
2,1437233629000,49.45034738,8.89774028
3,1437233638000,49.45034712,8.89774552
4,1437233651000,49.4503471,8.89775133
5,1437233661000,49.45034641,8.89775418
6,1437233679000,49.45034609,8.89775454
7,1437233691000,49.45034558,8.89775653