id,attr_time,attr_lat,attr_lng
1,1437233617000,49.45017368,8.8978313
2,1437233625000,49.4501741,8.89783204
3,1437233636000,49.45017361,8.89783205
4,1437233648000,49.45017282,8.89783198
5,1437233657000,49.45017247,8.89783185
6,1437233669000,49.4501734,8.89783218
7,1437233680000,49.45017274,8.89783216
8,1437233690000,49.45017189,8.89783166
9,1437233700000,49.45017141,8.89783209