id,attr_time,attr_lat,attr_lng
1,1437233617000,49.450152,8.89791975
2,1437233625000,49.45015354,8.89791995
3,1437233637000,49.45015202,8.8979203
4,1437233647000,49.45015016,8.89791898
5,1437233658000,49.45015397,8.89792535
6,1437233669000,49.45015317,8.89792545
7,1437233680000,49.45015077,8.8979255
8,1437233690000,49.45014937,8.89792455
9,1437233701000,49.45015157,8.89792568