id,attr_time,attr_lat,attr_lng
1,1437233618000,49.45017036,8.89768468
2,1437233624000,49.45016951,8.89768345
3,1437233637000,49.45016953,8.89768263
4,1437233645000,49.45016875,8.89768324
5,1437233658000,49.4501703,8.89768228
6,1437233667000,49.45017035,8.89768226
7,1437233689000,49.45017028,8.89768248