id,attr_time,attr_lat,attr_lng
1,1437233613000,49.45014478,8.89792536
2,1437233622000,49.45014308,8.89792458
3,1437233634000,49.45014295,8.89792968
4,1437233643000,49.45014428,8.89792694
5,1437233654000,49.45014083,8.8979234
6,1437233665000,49.45014538,8.89793359
7,1437233675000,49.45014556,8.89793268
8,1437233685000,49.4501458,8.89793525
9,1437233696000,49.45014541,8.89793532