id,attr_time,attr_lat,attr_lng
1,1437233621000,49.45011377,8.89780037
2,1437233631000,49.45010862,8.89781019
3,1437233641000,49.45011169,8.89781501
4,1437233651000,49.45013303,8.89775472
5,1437233662000,49.4501274,8.89778384
6,1437233674000,49.45014099,8.897818
7,1437233683000,49.4501418,8.8977913
8,1437233694000,49.45015583,8.89782884
9,1437233704000,49.45015401,8.89782949